"Timestamp","Total score","Please enter your Amazon Mechanical Turk Worker ID:","Please enter your Amazon Mechanical Turk Worker ID: [Score]","Please enter your Amazon Mechanical Turk Worker ID: [Feedback]","What country do you work in?","What country do you work in? [Score]","What country do you work in? [Feedback]","Which platform(s) have you worked on for data label-
ing? (Select all that apply)","Which platform(s) have you worked on for data label-
ing? (Select all that apply) [Score]","Which platform(s) have you worked on for data label-
ing? (Select all that apply) [Feedback]","Which platform do you most frequently work for? ","Which platform do you most frequently work for?  [Score]","Which platform do you most frequently work for?  [Feedback]","How long have you worked with data labeling or annotation tasks?","How long have you worked with data labeling or annotation tasks? [Score]","How long have you worked with data labeling or annotation tasks? [Feedback]","What type of tasks have you worked on? ","What type of tasks have you worked on?  [Score]","What type of tasks have you worked on?  [Feedback]","How many hours per week do you usually spend on data labeling?","How many hours per week do you usually spend on data labeling? [Score]","How many hours per week do you usually spend on data labeling? [Feedback]","Do you feel fairly compensated for your data labeling work?","Do you feel fairly compensated for your data labeling work? [Score]","Do you feel fairly compensated for your data labeling work? [Feedback]","Why or why not?

Consider how much time/effort tasks take, how payment compares across tasks, or if pay feels stable or unpredictable.","Why or why not?

Consider how much time/effort tasks take, how payment compares across tasks, or if pay feels stable or unpredictable. [Score]","Why or why not?

Consider how much time/effort tasks take, how payment compares across tasks, or if pay feels stable or unpredictable. [Feedback]","Do you earn enough from data labeling to meet your
basic needs?","Do you earn enough from data labeling to meet your
basic needs? [Score]","Do you earn enough from data labeling to meet your
basic needs? [Feedback]","Have you ever had a task rejected or gone unpaid for
completed work?","Have you ever had a task rejected or gone unpaid for
completed work? [Score]","Have you ever had a task rejected or gone unpaid for
completed work? [Feedback]","If yes, what happend?

You may share how often this happens, what reason was
given if any, how the platform handled it, and whether
you could appeal or dispute it.","If yes, what happend?

You may share how often this happens, what reason was
given if any, how the platform handled it, and whether
you could appeal or dispute it. [Score]","If yes, what happend?

You may share how often this happens, what reason was
given if any, how the platform handled it, and whether
you could appeal or dispute it. [Feedback]","How often do you encounter content that you would
describe as disturbing or harmful?","How often do you encounter content that you would
describe as disturbing or harmful? [Score]","How often do you encounter content that you would
describe as disturbing or harmful? [Feedback]","If you have encountered disturbing or harmful content, what kind of content was it, and how did it affect you?

Feel free to describe the nature of the content (e.g., graphic, violent, offensive) and how you responded to it emotionally or mentally. Also mention whether the platform gave warnings, filters, or support tools.","If you have encountered disturbing or harmful content, what kind of content was it, and how did it affect you?

Feel free to describe the nature of the content (e.g., graphic, violent, offensive) and how you responded to it emotionally or mentally. Also mention whether the platform gave warnings, filters, or support tools. [Score]","If you have encountered disturbing or harmful content, what kind of content was it, and how did it affect you?

Feel free to describe the nature of the content (e.g., graphic, violent, offensive) and how you responded to it emotionally or mentally. Also mention whether the platform gave warnings, filters, or support tools. [Feedback]","On a scale of 1–5, how transparent are the platforms
about how your work is reviewed, used, or paid for?","On a scale of 1–5, how transparent are the platforms
about how your work is reviewed, used, or paid for? [Score]","On a scale of 1–5, how transparent are the platforms
about how your work is reviewed, used, or paid for? [Feedback]","Please describe your experience. 

You can write about how clear the platform is about
task acceptance, rating systems, design choices, or payment rules.","Please describe your experience. 

You can write about how clear the platform is about
task acceptance, rating systems, design choices, or payment rules. [Score]","Please describe your experience. 

You can write about how clear the platform is about
task acceptance, rating systems, design choices, or payment rules. [Feedback]","What are the biggest challenges or ethical concerns
you’ve experienced as a data annotator?

These might relate to fairness, platform usability, unclear rules, pressure, emotional strain, or anything else
important to you.","What are the biggest challenges or ethical concerns
you’ve experienced as a data annotator?

These might relate to fairness, platform usability, unclear rules, pressure, emotional strain, or anything else
important to you. [Score]","What are the biggest challenges or ethical concerns
you’ve experienced as a data annotator?

These might relate to fairness, platform usability, unclear rules, pressure, emotional strain, or anything else
important to you. [Feedback]","What would make data labeling work more fair, sustain-
able, or respectful for crowd-sourced workers like you?

Feel free to suggest changes to platforms, pay, rules,
support, communication, or anything else.","What would make data labeling work more fair, sustain-
able, or respectful for crowd-sourced workers like you?

Feel free to suggest changes to platforms, pay, rules,
support, communication, or anything else. [Score]","What would make data labeling work more fair, sustain-
able, or respectful for crowd-sourced workers like you?

Feel free to suggest changes to platforms, pay, rules,
support, communication, or anything else. [Feedback]",""
"2025/06/23 8:53:09 PM GMT+3","0.00 / 0","","","","United States","-- / 0","","Amazon Mechanical Turk;Appen;Remotasks;Prolific","-- / 0","","Prolific","-- / 0","","2-4 years","-- / 0","","Image Labeling;Text classification or sentiment analysis;Audio transcription;Content moderation","-- / 0","","10-20","-- / 0","","No","-- / 0","","Most tasks pay below minimum wage when you factor in the time it takes to complete them carefully. Payment is inconsistent—some tasks pay fairly for the effort, but many underpay or require extra unpaid work like qualifications or reviews.","-- / 0","","Partially","-- / 0","","Yes","-- / 0","","It happens occasionally. Sometimes tasks are rejected without explanation or feedback. A few platforms offer an appeal process, but it's slow and rarely favors the worker. The lack of transparency makes it hard to improve or feel secure in the work.","-- / 0","","Sometimes","-- / 0","","I've seen graphic images involving violence and offensive text content, including hate speech and harassment. It can be mentally draining and sometimes lingers after the task is done. Most platforms don't provide clear warnings or emotional support—you're often exposed without preparation, and there's no real way to opt out without risking income.","-- / 0","","2","-- / 0","","Most platforms provide minimal information about how tasks are reviewed or why certain submissions are rejected. Payment rules are vague, and sometimes task instructions are unclear or change without notice. There's little explanation about how our data is used or how quality is judged. The lack of clear feedback or appeal processes makes it feel like a black box—you're doing the work, but you don’t know how it’s being evaluated or where it ends up.","-- / 0","","The biggest challenges include unfair and unpredictable pay, frequent task rejections without clear reasons, lack of transparency about how work is evaluated, and exposure to disturbing content without adequate support. There’s also emotional strain from the repetitive nature of the work and pressure to work quickly, which can affect quality and well-being. Platforms often lack proper communication and meaningful feedback.","-- / 0","","Fair, transparent, and stable payment that reflects the actual time and effort involved is essential. Clear, consistent guidelines and honest feedback on task performance would help workers improve and feel valued. Platforms should provide better support for mental health, including warnings and opt-out options for disturbing content. Improved communication channels and an effective appeals process for rejected tasks would also increase trust and fairness.","-- / 0","","6738fb6675428cd9a4c052f8"
"2025/06/23 8:54:31 PM GMT+3","0.00 / 0","","","","United States","-- / 0","","Remotasks;Prolific","-- / 0","","Prolific","-- / 0","","Less than 6 months","-- / 0","","Image Labeling;Text classification or sentiment analysis","-- / 0","","5-10","-- / 0","","Yes","-- / 0","","The pay is stable and fair","-- / 0","","Yes","-- / 0","","No","-- / 0","","","-- / 0","","Never","-- / 0","","","-- / 0","","5","-- / 0","","The system is very clear as it awaits review for ratings","-- / 0","","it is just the pressure which is manageable","-- / 0","","Already the platform is fair ","-- / 0","","6845915d9a6decfa3376d6d8"
"2025/06/23 8:54:45 PM GMT+3","0.00 / 0","","","","United States","-- / 0","","Prolific","-- / 0","","Prolific","-- / 0","","More than 4 years","-- / 0","","Surveys, opinion polls, research","-- / 0","","Less than 5","-- / 0","","Yes","-- / 0","","the tasks are usually very quick and simple","-- / 0","","No","-- / 0","","Yes","-- / 0","","the survey was unfairly rejecting participants based on attention checks that were not allowed under the platform's rules ","-- / 0","","Rarely","-- / 0","","I was warned, the survey included discussions of drug use and had a link to a support line","-- / 0","","4","-- / 0","","some of the reviews take a very long time to process very short tasks ","-- / 0","","it is sometimes unclear what the data is being used for ","-- / 0","","being sent links to the final or published study, in academic cases. if surveys are helping corporations, it should be clear which ones. ","-- / 0","","5f8c70c9c8e71c0b49e49797"
"2025/06/23 8:56:13 PM GMT+3","0.00 / 0","","","","United States","-- / 0","","Prolific","-- / 0","","Prolific","-- / 0","","Less than 6 months","-- / 0","","Image Labeling;Text classification or sentiment analysis","-- / 0","","Less than 5","-- / 0","","Yes","-- / 0","","it is a good pay ","-- / 0","","No","-- / 0","","Yes","-- / 0","","i had technical issues on my end.","-- / 0","","Sometimes","-- / 0","","graphic .The platform also gave warnings","-- / 0","","4","-- / 0","","the acceptance is fair and the rating system is good.","-- / 0","","sometime there is pressure to some timed task","-- / 0","","increasing the amount of pay","-- / 0","","6848b20011f3401b0e812c42"
"2025/06/23 8:56:43 PM GMT+3","0.00 / 0","","","","South Africa","-- / 0","","Prolific;Outlier AI","-- / 0","","Prolific","-- / 0","","More than 4 years","-- / 0","","Image Labeling;Text classification or sentiment analysis;Audio transcription;Content moderation","-- / 0","","More than 30","-- / 0","","Yes","-- / 0","","According to the time i spend doing the work i feel fairly compensated","-- / 0","","Partially","-- / 0","","Yes","-- / 0","","","-- / 0","","Never","-- / 0","","","-- / 0","","5","-- / 0","","I do tasks willingly knowing exactly how much I would be paid","-- / 0","","I have never had any problems","-- / 0","","TRASPARENT RESERCHERS, BECAUSE SOME RESEARCHERS CHOOSE TO COLLECT DATA AND REJECT SUBMISSIONS AND NOT PAY","-- / 0","","678e7cb1ccebe968d60b9a81"
"2025/06/23 8:59:50 PM GMT+3","0.00 / 0","","","","United States","-- / 0","","Prolific","-- / 0","","Prolific","-- / 0","","Less than 6 months","-- / 0","","Image Labeling;Audio transcription","-- / 0","","Less than 5","-- / 0","","No","-- / 0","","I dont accept the tasks because the work is too much for little pay","-- / 0","","No","-- / 0","","No","-- / 0","","","-- / 0","","Never","-- / 0","","","-- / 0","","3","-- / 0","","","-- / 0","","drawn out work with no time table","-- / 0","","better pay","-- / 0","","5debed6b3820732ef2af3c55"
"2025/06/23 9:04:00 PM GMT+3","0.00 / 0","","","","United States","-- / 0","","Prolific","-- / 0","","Prolific","-- / 0","","2-4 years","-- / 0","","Image Labeling;Text classification or sentiment analysis;Audio transcription;Content moderation","-- / 0","","5-10","-- / 0","","No","-- / 0","","Estimates are typically inaccurate for how long particular tasks take to complete. Even the stated pay per task is roughly minimum wage or less in a lot of cases.","-- / 0","","No","-- / 0","","No","-- / 0","","","-- / 0","","Rarely","-- / 0","","I recall some surveys on jury trials with mildly harmful content. But the platform always gives warnings on the pre-screen summary page, so there are no surprises.","-- / 0","","4","-- / 0","","The platform is generally very good in explaining how tasks need to be completed in order to be accepted. And it's also generally good at explaining payment rules, though the pay rates are usually around minimum wage or less. The platform does pay almost immediately when a cash out is requested.","-- / 0","","There have been really no challenges or ethical concerns that I have encountered as a data annotator, other than generally low pay rates.","-- / 0","","More consistent work opportunities and higher pay are the only things I can think of. Communication of the rules has always been generally good and transparent.","-- / 0","","5ef1b1bfbc5bc37c8a9ec39d"
"2025/06/23 9:04:39 PM GMT+3","0.00 / 0","","","","United Kingdom","-- / 0","","Prolific","-- / 0","","Prolific","-- / 0","","6-12 months","-- / 0","","Image Labeling;Text classification or sentiment analysis","-- / 0","","10-20","-- / 0","","Yes","-- / 0","","Payment varies by requestor but generally feels fair for the task being required for completion","-- / 0","","No","-- / 0","","No","-- / 0","","n/a","-- / 0","","Rarely","-- / 0","","I have encountered some content that people might regard as harmful such as hate speech or sexually explicit material but I do not tend to find I have much of an emotional reaction to this.  The platform usually gives adequate warnings if such content is likely to be present","-- / 0","","3","-- / 0","","There is little transparency as to how the data will be used and the nature of Prolific only tends to give an outcome for the individual task.  It is possible you may be paid for a task but then removed from a white label group but the mechanics of this are not transparent at all - the work either appears on your dashboard or it does not!","-- / 0","","I have not really experienced any significant challenges to the work, mainly it is a little dull and mundane so maintaining focus can be issue on batch tasks.  I have had no ethical concerns at all.","-- / 0","","Work to be made available at times when I am free and to be completed at my leisure with a set deadline, rather than needed to be completed as soon as it is made available otherwise it will not be there later.","-- / 0","","66bbafb05de7e549455aa4ff"
"2025/06/23 9:04:40 PM GMT+3","0.00 / 0","","","","United States","-- / 0","","Amazon Mechanical Turk;Scale AI;Remotasks;Outlier AI","-- / 0","","Prolific","-- / 0","","1-2 years","-- / 0","","Image Labeling;Text classification or sentiment analysis;Audio transcription;Content moderation","-- / 0","","20-30","-- / 0","","Yes","-- / 0","","I feel fairly compensated because the payment reflects the time and effort required for each task. The wage varies appropriately based on task complexity, more complex tasks offer higher pay, which makes sense and feels balanced.","-- / 0","","Partially","-- / 0","","No","-- / 0","","","-- / 0","","Never","-- / 0","","","-- / 0","","5","-- / 0","","Task acceptance was straightforward, each task type was explained clearly before I made my workload decisions, and the expectations were well-defined. The interface made it easy to understand how many tasks I could choose at each wage rate, which helped in making informed decisions.","-- / 0","","As a data annotator, one of the biggest challenges is the lack of fair pay relative to the effort required , especially on crowd-sourced platforms. Some tasks are time-consuming or mentally taxing, such as labeling complex images or transcribing unclear audio—but the compensation doesn’t always reflect that effort.

","-- / 0","","Platforms should ensure wages are proportional to task difficulty and time required. A tiered payment system based on complexity would help","-- / 0","","682b50863f411dbccc532688"
"2025/06/23 9:21:59 PM GMT+3","0.00 / 0","","","","South Africa","-- / 0","","Remotasks;Prolific;Outlier AI","-- / 0","","Prolific","-- / 0","","2-4 years","-- / 0","","Image Labeling;Text classification or sentiment analysis;Audio transcription;Content moderation","-- / 0","","20-30","-- / 0","","No","-- / 0","","some task requires a lot of effort as compared to the compensation offered","-- / 0","","No","-- / 0","","Yes","-- / 0","","They said they did not find the data in their system, the platform refused to rectify it but i had proof","-- / 0","","Sometimes","-- / 0","","human operation,no warnings were given","-- / 0","","2","-- / 0","","rating systems is not transparent, we get rejections that reseachers fail to justify","-- / 0","","payments issues","-- / 0","","i need fair payment, the other time i got 70 images to annotate for a fee of $1","-- / 0","","67c5e50726fc9e67cdaff02f"
"2025/06/24 9:33:44 PM GMT+3","0.00 / 0","","","","South Africa","-- / 0","","Remotasks;Prolific","-- / 0","","Prolific","-- / 0","","1-2 years","-- / 0","","Image Labeling;Text classification or sentiment analysis;Audio transcription;Content moderation","-- / 0","","20-30","-- / 0","","No","-- / 0","","$3 for a task that takes 35 minutes with content that needs you to be very attentive, is too low.","-- / 0","","No","-- / 0","","No","-- / 0","","","-- / 0","","Rarely","-- / 0","","","-- / 0","","5","-- / 0","","They provide very detailed instructions and how you can contact researchers to get better feedback.","-- / 0","","The payment is just not fair for the amount of work I do.","-- / 0","","The pay for tasks should be reconsidered.","-- / 0","","6672e6b02916e61a88d5aa27"
"2025/07/01 3:37:40 PM GMT+3","0.00 / 0","","","","United Kingdom","-- / 0","","Prolific","-- / 0","","Prolific","-- / 0","","6-12 months","-- / 0","","Text classification or sentiment analysis","-- / 0","","Less than 5","-- / 0","","No","-- / 0","","Always could get more","-- / 0","","Prefer not to say","-- / 0","","Yes","-- / 0","","Time out","-- / 0","","Sometimes","-- / 0","","Triggering and made me feel sad","-- / 0","","3","-- / 0","","Payment seems poor at timed","-- / 0","","Platform doesn’t care if something times out and your spend hours doing tasks","-- / 0","","An online bot to help","-- / 0","","66a35fe40e96f06a2aaa6bcb"
"2025/07/01 3:39:31 PM GMT+3","0.00 / 0","","","","Germany","-- / 0","","Prolific","-- / 0","","Prolific","-- / 0","","Less than 6 months","-- / 0","","Text classification or sentiment analysis","-- / 0","","Less than 5","-- / 0","","Unsure","-- / 0","","stable","-- / 0","","No","-- / 0","","No","-- / 0","","","-- / 0","","Never","-- / 0","","","-- / 0","","4","-- / 0","","","-- / 0","","sometimes stressful","-- / 0","","no idea","-- / 0","","662f10c01324893cee062572"
"2025/07/01 3:40:03 PM GMT+3","0.00 / 0","","","","Germany","-- / 0","","Amazon Mechanical Turk;Prolific","-- / 0","","Prolific","-- / 0","","6-12 months","-- / 0","","Image Labeling;Text classification or sentiment analysis;Audio transcription","-- / 0","","5-10","-- / 0","","No","-- / 0","","The tasks in Mechanical Turk is not fairly compensated.","-- / 0","","No","-- / 0","","No","-- / 0","","","-- / 0","","Rarely","-- / 0","","I don't remember, it has been a while.","-- / 0","","4","-- / 0","","","-- / 0","","Unfair payment, underestimated required time","-- / 0","","For Mechanical Turk, there should be a minimum payment per hour as in Prolific to unsure fairness.","-- / 0","","5f3ab6212d394935162684d5"
"2025/07/01 3:41:38 PM GMT+3","0.00 / 0","","","","Spain","-- / 0","","Prolific","-- / 0","","Prolific","-- / 0","","6-12 months","-- / 0","","Image Labeling;Video labelling ","-- / 0","","Less than 5","-- / 0","","Yes","-- / 0","","For beer money ","-- / 0","","No","-- / 0","","No","-- / 0","","","-- / 0","","Never","-- / 0","","","-- / 0","","5","-- / 0","","Prolific always paid well and on time","-- / 0","","I did not have any ethical concern","-- / 0","","Get more jobs of that type","-- / 0","","66e3fa89af58f3c05fa2ff30"
"2025/07/01 3:42:45 PM GMT+3","0.00 / 0","","","","United Kingdom","-- / 0","","Remotasks;Prolific;Outlier AI;clickworker","-- / 0","","Prolific","-- / 0","","2-4 years","-- / 0","","Image Labeling;Text classification or sentiment analysis;Audio transcription","-- / 0","","10-20","-- / 0","","No","-- / 0","","i feel the amount of time spent for my output to be quality is not commensurate with the pay","-- / 0","","No","-- / 0","","No","-- / 0","","NA","-- / 0","","Rarely","-- / 0","","","-- / 0","","4","-- / 0","","Most of the platforms are very transparent as regarding the pay per hour. we just choose to work with that regardless","-- / 0","","violation of regulatory rules","-- / 0","","Obviously the renumeration because the amount paid often make people rush though the task thus producing substandard work. ","-- / 0","","67665f7b0329bd3e30515ad2"
"2025/07/01 3:43:15 PM GMT+3","0.00 / 0","","","","South Africa","-- / 0","","Amazon Mechanical Turk;Scale AI;Prolific;Outlier AI","-- / 0","","Prolific","-- / 0","","2-4 years","-- / 0","","Image Labeling;Text classification or sentiment analysis;Audio transcription;Content moderation","-- / 0","","20-30","-- / 0","","Yes","-- / 0","","Many tasks takes long durtion to complete and does pay less amount than needed","-- / 0","","Partially","-- / 0","","No","-- / 0","","","-- / 0","","Rarely","-- / 0","","Violent content nudity","-- / 0","","5","-- / 0","","The studies provide clear instructions on the participation requirements and creteria","-- / 0","","Technical issues in the studies and errors by developers","-- / 0","","Compensation should be correspond to duration of tasks","-- / 0","","67feb525a7759f2034a95f22"
"2025/07/01 3:43:24 PM GMT+3","0.00 / 0","","","","South Africa","-- / 0","","Appen;Remotasks;Prolific;Outlier AI","-- / 0","","Prolific","-- / 0","","2-4 years","-- / 0","","Image Labeling;Content moderation","-- / 0","","More than 30","-- / 0","","Unsure","-- / 0","","I feel that it requires more focus and time therefore it should be compensated accordingly","-- / 0","","Partially","-- / 0","","Yes","-- / 0","","Researcher asked a trick question and I was rejected for that, tried communicating and appealing and no feedback on that","-- / 0","","Rarely","-- / 0","","I have not","-- / 0","","4","-- / 0","","The study rules and method of compensation i quite clear just sometimes a study is underpaying","-- / 0","","It is sometimes mentally challenging","-- / 0","","perhaps fair compensation and more time added to complete","-- / 0","","66a109e8788206c8bb176639"
"2025/07/01 3:44:54 PM GMT+3","0.00 / 0","","","","South Africa","-- / 0","","Appen;Remotasks;Prolific","-- / 0","","Prolific","-- / 0","","1-2 years","-- / 0","","Image Labeling","-- / 0","","Less than 5","-- / 0","","Yes","-- / 0","","Payment is good and fair also the longer you take the more payment you get which is good for tasks that are well explained and easy to do","-- / 0","","No","-- / 0","","No","-- / 0","","","-- / 0","","Never","-- / 0","","","-- / 0","","5","-- / 0","","The platform is clear about task acceptance and payment but the rating system and design choices could be explained better to avoid confusion and ensure fair evaluations
","-- / 0","","There’s pressure to work fast for low pay which can cause stress","-- / 0","","higher pay rates, better support channels and more communication about how our work contributes would make data labeling fair","-- / 0","","5fa0091ec747500252d2891f"
"2025/07/01 3:45:53 PM GMT+3","0.00 / 0","","","","South Africa","-- / 0","","Prolific;Outlier AI","-- / 0","","Prolific","-- / 0","","6-12 months","-- / 0","","Image Labeling;Text classification or sentiment analysis","-- / 0","","10-20","-- / 0","","Yes","-- / 0","","The pay matches the time and work I have to complete","-- / 0","","Partially","-- / 0","","Yes","-- / 0","","The task just didn't stop and went over the allotted time, I contacted the researcher but no reply.","-- / 0","","Never","-- / 0","","Haven't encountered it","-- / 0","","5","-- / 0","","Prolific shows the time the task will take and how much it is,","-- / 0","","Haven't yet","-- / 0","","notify every time tasks are available ","-- / 0","","6719a033092a9c5d47cc02e5"
"2025/07/01 3:45:54 PM GMT+3","0.00 / 0","","","","South Africa","-- / 0","","Appen","-- / 0","","Prolific","-- / 0","","1-2 years","-- / 0","","Image Labeling;Text classification or sentiment analysis","-- / 0","","5-10","-- / 0","","Yes","-- / 0","","I feel the payment is very fair for the time I spend doing the study","-- / 0","","Yes","-- / 0","","No","-- / 0","","","-- / 0","","Rarely","-- / 0","","people who are injured or dirty places, but it didn't affect me at all","-- / 0","","5","-- / 0","","before starting the study everything is explained and how my data will be used and I always have an option to choose if I want my data to be used","-- / 0","","By not receiving the same study anymore","-- / 0","","adding multiple submission and add more places to the study","-- / 0","","66a7c31eee1bc097fe3746ad"
"2025/07/01 3:45:59 PM GMT+3","0.00 / 0","","","","South Africa","-- / 0","","Amazon Mechanical Turk;Appen;Remotasks;Prolific;Outlier AI","-- / 0","","Prolific","-- / 0","","2-4 years","-- / 0","","Image Labeling;Text classification or sentiment analysis;Content moderation","-- / 0","","10-20","-- / 0","","Yes","-- / 0","","The payment mostly matches the amount of time needed on the task.","-- / 0","","No","-- / 0","","Yes","-- / 0","","A task was timed out due to connectivity issues and I was not compensated due to the fact that the task had a time allocation.","-- / 0","","Sometimes","-- / 0","","Graphic and Offensive content. The platform gave warnings. It did not affect me in anyway because I know it was for research purposes.","-- / 0","","5","-- / 0","","I have not encountered any bad experience. some of the tasks are underpaying and most pay a fair amount for the work required.","-- / 0","","Time consuming and underpaying. Repetitive questions.","-- / 0","","Better compensation for longer tasks.","-- / 0","","67da5ae29f57419143d2b99a"
"2025/07/01 3:48:42 PM GMT+3","0.00 / 0","","","","South Africa","-- / 0","","Prolific;Outlier AI","-- / 0","","Prolific","-- / 0","","1-2 years","-- / 0","","Image Labeling;Text classification or sentiment analysis;Audio transcription;Content moderation","-- / 0","","5-10","-- / 0","","Yes","-- / 0","","The payment depends on the type of tasks and the time required to do them and the tasks are fairly good and the payment is appropriate","-- / 0","","Partially","-- / 0","","Yes","-- / 0","","The researcher said that my data was missing and I had to return the study and that meant that I would not get paid for the work. I did not appeal","-- / 0","","Rarely","-- / 0","","It was pornographic and the platform had already given warning","-- / 0","","2","-- / 0","","They are not clear on task acceptance because sometimes you get rejected but the reason is not clear.","-- / 0","","Sometimes the task given is too long and you have to finish it in one go","-- / 0","","Some researchers take too long to pay for the work done. payment should be done at most in 7 days.","-- / 0","","6791f6dd715489698cb9523e"
"2025/07/01 3:52:50 PM GMT+3","0.00 / 0","","","","South Africa","-- / 0","","Prolific","-- / 0","","Prolific","-- / 0","","2-4 years","-- / 0","","Doing Surveys ","-- / 0","","10-20","-- / 0","","Yes","-- / 0","","I feels like the time I spend on surveys is worth it","-- / 0","","No","-- / 0","","Yes","-- / 0","","The reason for being rejected was that I took the survey quickly.","-- / 0","","Rarely","-- / 0","","Xrated Photos","-- / 0","","5","-- / 0","","The platforms has always paid me and if the survey doesn't pay within 22 days, the platform pays automatically.","-- / 0","","None","-- / 0","","I feel like Prolific is perfect.","-- / 0","","6176b584db27cdcecc3896c8"
"2025/07/01 3:56:16 PM GMT+3","0.00 / 0","","","","South Africa","-- / 0","","Appen;Remotasks;Prolific","-- / 0","","Prolific","-- / 0","","6-12 months","-- / 0","","Image Labeling;Text classification or sentiment analysis;Content moderation","-- / 0","","Less than 5","-- / 0","","Unsure","-- / 0","","not sure what is the standard across for payment.","-- / 0","","No","-- / 0","","Yes","-- / 0","","The task was very long, and after I had finished, it was rejected on the basis that it did not reach the required number of corrections or right answers. That was unfair to me because I spent a lot of time, and the task was very tedious. ","-- / 0","","Never","-- / 0","","So far, I haven't encountered harmful or disturbing content. ","-- / 0","","4","-- / 0","","All tasks are cleared before performance, so that you have a chance to reject or accept the task.","-- / 0","","Nothing much currently. Some can be tedious for a small amount of payment. ","-- / 0","","more payment would be appreciated.  ","-- / 0","","615ad2f0779a4506c867b6b3"
"2025/07/01 3:57:04 PM GMT+3","0.00 / 0","","","","","-- / 0","","Prolific","-- / 0","","Prolific","-- / 0","","6-12 months","-- / 0","","Image Labeling;Text classification or sentiment analysis;Audio transcription;Content moderation","-- / 0","","5-10","-- / 0","","No","-- / 0","","Some tasks require a lot lot of effort and time but pay vey little","-- / 0","","No","-- / 0","","Yes","-- / 0","","the researcher rejected my submission and did not respond to my messages","-- / 0","","Rarely","-- / 0","","The content was visually disturbing. The were some pornographic images","-- / 0","","2","-- / 0","","One can get a rejection and never get to know why","-- / 0","","Some researchers can give you a very long task but give you a very short time to complete it","-- / 0","","There should be no disturbing content","-- / 0","","67d290dfcdd49e8081645a4a"
"2025/07/01 3:57:49 PM GMT+3","0.00 / 0","","","","South Africa","-- / 0","","Remotasks;Prolific;Outlier AI","-- / 0","","Prolific","-- / 0","","1-2 years","-- / 0","","Image Labeling;Text classification or sentiment analysis;Audio transcription;Content moderation","-- / 0","","More than 30","-- / 0","","Yes","-- / 0","","I BELIEVE I;M FAIRLY COMPENSATED DUE TO THE AMOUNT OF TIME I SPEND ON EACH PROJECT ","-- / 0","","Yes","-- / 0","","No","-- / 0","","","-- / 0","","Never","-- / 0","","","-- / 0","","5","-- / 0","","I WOULD MOSTLY FOCUS ON PROLIFIC, IT IS VERY TRANSPARENT WHEN IT COMES TO COMPENSATION, LIKE YOU TAKE ON A STUDY KNOWING VERY WELL HOW MUCH YOU'RE GOING TO GET PAID","-- / 0","","HONESTLY THERE ARE NONE","-- / 0","","I BELIEVE INTERACTIONS BETWEEN RESEARCHERS AND PARTICIPANTS WOULD BE VERY HELPFUL ","-- / 0","","67b8636acd5ed420cc098b64"
"2025/07/01 3:59:15 PM GMT+3","0.00 / 0","","","","Australia","-- / 0","","Prolific;Data Annotation, Clickwroker","-- / 0","","Prolific","-- / 0","","More than 4 years","-- / 0","","Image Labeling;Text classification or sentiment analysis;Audio transcription;Content moderation","-- / 0","","5-10","-- / 0","","Unsure","-- / 0","","Some tasks are well compensated and others not so much. I think it is usually to do with the platform and type of work I do. 

However, sometimes the work is quite tedious and time consuming but the pay is low.
","-- / 0","","No","-- / 0","","Yes","-- / 0","","Only on a few occasions I have been rejected, but most of the time the reasons are vague, mainly the feedback can take  like 2-3 weeks and I probably already forgotten what that task were.

The feedback is quite appalling, sometimes the reasons don't even make sense. Like they approve 95% but the one task is not approved.

I don't bother appealing, as I accept as part of the job. But if the platform rejects too many time, I will leave the platform and not do it again.","-- / 0","","Rarely","-- / 0","","I was moderating comments and they were very disturbing and colourful and sometimes I felt illegal.

Mentally/Emotionally initially can be quite distressing but overtime I become numb to the affects and accepted that was my job. 

There were warnings from the vendors but merely glance at it, I don't think they offer any kind of support, I think they just said you can simply optout on these tasks.","-- / 0","","3","-- / 0","","The work we do is quite transparent in terms of instructions and how we are paid. Usually per tasks or by the hour.

However, when it comes to feedback most times it is very poor, bans, temporary bans, account is limited and some tasks rejected, you do not know why. And most people would simply go to forums like reddit to see if anyone was in the same situation.

Unlike a real job, someone would advise you at least you did this wrong or you could do better, none here. Its like working in a silo, the moderators don't want to deal with you. Sending feedback or contacting them is useless, no one ever sends you anything.

I simply take it that, you either understand the work or you don't. 

But you know it is what it is I guess.","-- / 0","","I think the biggest strain is when projects or tasks are released, there is no set time. You feel that you have to be online long enough in order to get your piece of the pie.

Its like a competition with other fellow workers. Which can play havoc to sleep.

Also, the paranoid of been banned or shadow banned when your dashboard has no work. And they is no recourse on why, or is it because there is no work  and it is rather annoying especially if you need the work to help with finances.
","-- / 0","","Treat us like workers, give us feedback that is helpful, if we do good work give us promotions and offer some kind of community.

Don't treat us like a number.","-- / 0","","5c093a3f600aff0001d7002c"
"2025/07/01 4:02:52 PM GMT+3","0.00 / 0","","","","United Kingdom","-- / 0","","Appen;Prolific","-- / 0","","Prolific","-- / 0","","2-4 years","-- / 0","","Image Labeling;Text classification or sentiment analysis;Audio transcription;Content moderation","-- / 0","","5-10","-- / 0","","Yes","-- / 0","","unpredictable","-- / 0","","Yes","-- / 0","","Yes","-- / 0","","I got an error message at the end of the study during submission, then proceeded to submit without code because I wanted to be compensated if not fully partly for my time, but the researcher went ahead to reject the study without any form of communication even after prompting them about the technical issue.","-- / 0","","Rarely","-- / 0","","I studied an image that was a riot of neon colors vivid pinks, bright blues, and sharp yellows—blending into a mildly overwhelming pattern. A colleague had warned me it might strain the eyes, but the effect was minimal, causing only slight discomfort. My eyes adjusted quickly, and I continued my analysis without much trouble. The platform didn’t provide specific warnings or filters for this image. Overall, the visual overload was non-significant and didn’t impact my work.

","-- / 0","","4","-- / 0","","The platform clearly outlined task acceptance, with intuitive design choices, transparent rating systems, and straightforward payment rules, making the experience seamless

","-- / 0","","As a data annotator, I’ve encountered minor challenges like vague task guidelines, which can make accurate image analysis tricky but manageable. Ethically, the risk of emotional strain from potentially disturbing content, like graphic images, is a concern, though platform warnings help mitigate this. Fairness in compensation and avoiding bias in subjective annotations remain critical issues, requiring clear rules and support.

","-- / 0","","To make data labeling fairer, platforms should offer transparent, competitive pay tied to task complexity and clear guidelines to minimize errors and frustration. Providing content warnings, opt-out options for disturbing material, and mental health support would enhance sustainability and respect for workers. Open feedback channels and anti-bias training with diverse teams would ensure equitable, high-quality outcomes.

","-- / 0","","671cdd2146a2a9d3d0535132"
"2025/07/01 4:08:55 PM GMT+3","0.00 / 0","","","","South Africa","-- / 0","","Remotasks;Prolific;Outlier AI","-- / 0","","Prolific","-- / 0","","2-4 years","-- / 0","","Image Labeling;Text classification or sentiment analysis;Audio transcription;Content moderation","-- / 0","","10-20","-- / 0","","No","-- / 0","","For some tasks one may take much more time to finish the task because it will be longer than the time given","-- / 0","","No","-- / 0","","Yes","-- / 0","","The researcher said that i had given low effort in the task and ended up rejecting my submission","-- / 0","","Sometimes","-- / 0","","I once did a study that was emotionally  disturbing and there was no warning given beforehand. I withdrew from the study","-- / 0","","3","-- / 0","","They are not clear on task acceptance. some researchers can just choose to reject the submission and them give you a lame reason like "" the response was automatically flagged""","-- / 0","","Some tasks can cause emotional strain and yet there wont be any further steps to solve the problem","-- / 0","","For some tasks they need to pay fairly because they are too long","-- / 0","","67ed3b6e40f0da0854a063b1"
"2025/07/01 4:20:44 PM GMT+3","0.00 / 0","","","","","-- / 0","","Remotasks;Prolific","-- / 0","","Prolific","-- / 0","","1-2 years","-- / 0","","Image Labeling;Text classification or sentiment analysis;Audio transcription;Content moderation","-- / 0","","5-10","-- / 0","","No","-- / 0","","Some tasks are too long compared to the amount that is being paid for it.","-- / 0","","No","-- / 0","","Yes","-- / 0","","The researcher said that I had exceeded the average time to finish the study hence rejecting it. I simply asked to return it and I was never paid for it","-- / 0","","Sometimes","-- / 0","","Sometimes I do get tasks that have pornographic content and the are warnings given before you can begin the study","-- / 0","","4","-- / 0","","The platform is transparent on how the researchers are paying us and the expected hourly rates","-- / 0","","Some researchers just reject submissions without giving a clear reason for it and they wont be available even when you try to reach them","-- / 0","","The researchers should improve on communication","-- / 0","","67d001f0cfd9e6550910c00e"
"2025/07/01 4:24:50 PM GMT+3","0.00 / 0","","","","United Kingdom","-- / 0","","Amazon Mechanical Turk;Prolific;Outlier AI","-- / 0","","Prolific","-- / 0","","1-2 years","-- / 0","","Image Labeling;Text classification or sentiment analysis;Content moderation","-- / 0","","10-20","-- / 0","","Yes","-- / 0","","Pretty consistent generally","-- / 0","","Yes","-- / 0","","No","-- / 0","","","-- / 0","","Never","-- / 0","","","-- / 0","","1","-- / 0","","","-- / 0","","Sometimes the instructions can be a little unclear","-- / 0","","I wish the minimum pay rates would be increased","-- / 0","","66b370883fc774c23e102c46"
"2025/07/03 3:19:27 PM GMT+3","0.00 / 0","A19NGUFGC7KIGW","-- / 0","","United States","-- / 0","","Amazon Mechanical Turk","-- / 0","","Amazon Mechanical Turk","-- / 0","","1-2 years","-- / 0","","Image Labeling;Text classification or sentiment analysis;Audio transcription","-- / 0","","Less than 5","-- / 0","","Unsure","-- / 0","","It depends, but sometimes what you get isn't worth the time and effort required.","-- / 0","","No","-- / 0","","No","-- / 0","","","-- / 0","","Never","-- / 0","","","-- / 0","","1","-- / 0","","Most hits aren't clear how they are reviewed or what it is used for.","-- / 0","","Errors in the content that aren't covered leaving me unsure how to rate them or make it impossible to complete the job.","-- / 0","","I think better pay and being more responsive to messages would be helpful.","-- / 0","",""
"2025/07/03 3:20:42 PM GMT+3","0.00 / 0","A1EFVMX61EZTJF","-- / 0","","United States","-- / 0","","Amazon Mechanical Turk;Remotasks;Prolific","-- / 0","","Amazon Mechanical Turk","-- / 0","","2-4 years","-- / 0","","Audio transcription","-- / 0","","10-20","-- / 0","","Yes","-- / 0","","This instability makes it difficult to rely on data labeling as a consistent source of income.","-- / 0","","Yes","-- / 0","","No","-- / 0","","","-- / 0","","Rarely","-- / 0","","","-- / 0","","3","-- / 0","","","-- / 0","","no","-- / 0","","no","-- / 0","",""
"2025/07/03 3:22:17 PM GMT+3","0.00 / 0","A1UJUAIW8UBFTQ","-- / 0","","United Kingdom","-- / 0","","Amazon Mechanical Turk;Scale AI;Appen;Remotasks;Prolific;Outlier AI","-- / 0","","Amazon Mechanical Turk","-- / 0","","1-2 years","-- / 0","","Content moderation","-- / 0","","10-20","-- / 0","","Yes","-- / 0","","Why or why not?

Time vs. Pay: If I were paid per task, the amount of time it takes to complete each one would be a huge factor. Many data labeling tasks can be time-consuming, especially when they require high accuracy. If the pay rate doesn’t scale with time or effort, it could be hard to meet basic needs on that alone.","-- / 0","","Partially","-- / 0","","Yes","-- / 0","","Ah, I see now! You’re referring to a specific experience with a task rejection or going unpaid.

If you’ve had this happen, it can definitely feel frustrating. Usually, when a task gets rejected or you’re not paid for completed work, the platform should ideally give you a clear reason. Sometimes, it could be due to errors in the way the task was completed, like missing a specific instruction or misunderstanding the requirements. Other times, platforms might have vague rejection reasons that don’t give much feedback.

Did they provide any explanation for the rejection, or were you just left in the dark? Was there any opportunity to appeal or dispute the decision? It can be tough if you feel like there’s no way to challenge or fix an issue that you may not have fully understood at the time.
","-- / 0","","Sometimes","-- / 0","","Emotional exhaustion: Constant exposure to disturbing content could lead to a kind of emotional burnout where the weight of the content feels overwhelming.

Desensitization: On the flip side, prolonged exposure might lead to desensitization, where it becomes harder to react emotionally or see the gravity of certain content, which can have its own consequences.

Mental fatigue: It could also affect focus or mental clarity, making it harder to perform the work accurately and effectively, which might lead to mistakes or missed details.","-- / 0","","3","-- / 0","","yes","-- / 0","","Fairness and Bias
One of the most significant challenges in data labeling is ensuring that the work is fair and unbiased. When annotating content for AI models, there’s a risk of inadvertently reinforcing bias. For example, if data is labeled based on human judgments or cultural assumptions, it might skew the model to be more biased toward one group over another. The responsibility of making sure that every dataset is as unbiased as possible would be on the annotator, but the guidelines for labeling might not always provide clarity on how to navigate complex situations.","-- / 0","","Clearer Guidelines and Support:

Platforms should offer more transparent and consistent rules for labeling tasks, with examples to clarify ambiguous cases.

Implementing quality checks or real-time feedback would help annotators understand where they may be going wrong and improve without feeling lost.

Fair Compensation:

Pay should be better aligned with the complexity and emotional toll of the work. Tasks requiring more time or cognitive effort should be paid more.

Instead of paying per task, offering hourly wages with a minimum rate could help make compensation more stable.

Offering bonuses for accurate or efficient work would also motivate high-quality performance while providing a fair pay structure.

Mental Health Resources:

Platforms should implement mental health support for workers, such as counseling or therapy services, especially for those dealing with disturbing content.

There could be warnings or filters for emotionally taxing tasks, and the option to “opt out” of certain types of content without penalty.

Transparency and Communication:

Platforms should provide more transparency about how tasks are used and how annotators’ work contributes to the bigger picture. Knowing the impact of their work can help people feel more valued.

Communication with workers could be more open. If a task is rejected or a mistake happens, workers should be given clear feedback and have the chance to appeal if necessary.

Workplace Community:

Fostering a community of annotators, perhaps through forums or chat groups, could help workers share insights, vent frustrations, and get tips. This would help reduce the isolation of remote, freelance data labeling jobs.

Better Task Selection:

Giving workers more choice over what kind of tasks they take on—perhaps based on the content or the complexity—would allow them to select work they feel more comfortable with or are more skilled at.","-- / 0","",""
"2025/07/03 3:23:08 PM GMT+3","0.00 / 0","A3RYZJQWVGR1A7","-- / 0","","American Samoa","-- / 0","","Appen;Remotasks;Prolific","-- / 0","","Scale AI","-- / 0","","1-2 years","-- / 0","","Image Labeling","-- / 0","","20-30","-- / 0","","Yes","-- / 0","","The tasks are relatively quick or easy compared to the amount paid.
You can do them in flexible hours, possibly stacking with other income streams.","-- / 0","","Partially","-- / 0","","No","-- / 0","","A task I spent time on was rejected without a clear reason. It doesn’t happen often, but when it does, the platform offers little support and no real way to appeal. I wasn’t able to dispute it or get paid","-- / 0","","Very often","-- / 0","","Emotionally, it could be unsettling or draining, especially when it was unexpected or frequent. It sometimes made it harder to focus or feel motivated.","-- / 0","","2","-- / 0","","The platform is often unclear about key aspects of the work. Task acceptance criteria aren’t always explained, so it's hard to know why a task is rejected or accepted. The rating systems can feel inconsistent, and sometimes it’s not clear how ratings are calculated or how they affect future opportunities.","-- / 0","","he biggest challenges are unclear task rules, unfair rejections, and lack of transparency. Disturbing content can cause emotional strain, and there’s little support or way to dispute decisions. It often feels like the platform prioritizes speed over worker well-being.","-- / 0","","lear guidelines, fair and timely pay, better support for dealing with tough content, and a simple appeal process would make data labeling work fairer and more respectful. Improved communication and transparency would also help.","-- / 0","",""
"2025/07/03 3:27:18 PM GMT+3","0.00 / 0","A3GTYGE0BS4ERL","-- / 0","","United Kingdom","-- / 0","","Amazon Mechanical Turk;Scale AI;Appen;Remotasks;Prolific;Outlier AI","-- / 0","","Amazon Mechanical Turk","-- / 0","","1-2 years","-- / 0","","Content moderation","-- / 0","","10-20","-- / 0","","Yes","-- / 0","","Stability: If the pay is unpredictable, like being dependent on the volume of tasks or fluctuating demand, that could add stress and make it difficult to rely on it for consistent income. Inconsistent or delayed payments could make it even harder to meet regular expenses.","-- / 0","","Partially","-- / 0","","Yes","-- / 0","","Ah, I see now! You’re referring to a specific experience with a task rejection or going unpaid.

If you’ve had this happen, it can definitely feel frustrating. Usually, when a task gets rejected or you’re not paid for completed work, the platform should ideally give you a clear reason. Sometimes, it could be due to errors in the way the task was completed, like missing a specific instruction or misunderstanding the requirements. Other times, platforms might have vague rejection reasons that don’t give much feedback.

Did they provide any explanation for the rejection, or were you just left in the dark? Was there any opportunity to appeal or dispute the decision? It can be tough if you feel like there’s no way to challenge or fix an issue that you may not have fully understood at the time.
","-- / 0","","Sometimes","-- / 0","","Emotional exhaustion: Constant exposure to disturbing content could lead to a kind of emotional burnout where the weight of the content feels overwhelming.

Desensitization: On the flip side, prolonged exposure might lead to desensitization, where it becomes harder to react emotionally or see the gravity of certain content, which can have its own consequences.

Mental fatigue: It could also affect focus or mental clarity, making it harder to perform the work accurately and effectively, which might lead to mistakes or missed details.","-- / 0","","3","-- / 0","","yes","-- / 0","","Platform Usability and Confusing Rules
The platforms that offer data annotation jobs often come with poorly designed user interfaces or confusing, inconsistent guidelines. If I were working on a platform like this, unclear instructions could lead to frustration or mistakes. The work might also feel like a ""black box,"" with little insight into how my tasks are being used or evaluated in the bigger picture.","-- / 0","","Clearer Guidelines and Support:

Platforms should offer more transparent and consistent rules for labeling tasks, with examples to clarify ambiguous cases.

Implementing quality checks or real-time feedback would help annotators understand where they may be going wrong and improve without feeling lost.

Fair Compensation:

Pay should be better aligned with the complexity and emotional toll of the work. Tasks requiring more time or cognitive effort should be paid more.

Instead of paying per task, offering hourly wages with a minimum rate could help make compensation more stable.

Offering bonuses for accurate or efficient work would also motivate high-quality performance while providing a fair pay structure.

Mental Health Resources:

Platforms should implement mental health support for workers, such as counseling or therapy services, especially for those dealing with disturbing content.

There could be warnings or filters for emotionally taxing tasks, and the option to “opt out” of certain types of content without penalty.

Transparency and Communication:

Platforms should provide more transparency about how tasks are used and how annotators’ work contributes to the bigger picture. Knowing the impact of their work can help people feel more valued.

Communication with workers could be more open. If a task is rejected or a mistake happens, workers should be given clear feedback and have the chance to appeal if necessary.

Workplace Community:

Fostering a community of annotators, perhaps through forums or chat groups, could help workers share insights, vent frustrations, and get tips. This would help reduce the isolation of remote, freelance data labeling jobs.

Better Task Selection:

Giving workers more choice over what kind of tasks they take on—perhaps based on the content or the complexity—would allow them to select work they feel more comfortable with or are more skilled at.","-- / 0","",""
"2025/07/03 3:45:36 PM GMT+3","0.00 / 0","A1IQNR6IXSPHY7","-- / 0","","United States","-- / 0","","Amazon Mechanical Turk;Remotasks","-- / 0","","Amazon Mechanical Turk","-- / 0","","1-2 years","-- / 0","","Image Labeling;Text classification or sentiment analysis;Audio transcription","-- / 0","","10-20","-- / 0","","No","-- / 0","","Honestly speaking, the pay doesn’t always match the effort. Some tasks take a lot of time to understand and complete carefully, but the payment ends up being really low especially when you break it down hourly. Overall, it feels like a lot of work for not much reward, and the pay is pretty unpredictable.","-- / 0","","No","-- / 0","","Yes","-- / 0","","Yes, I’ve had tasks rejected a few times, and it’s really frustrating especially when I felt like I followed the instructions exactly. Sometimes no reason is given at all, or it's just a vague note like low quality without explaining what was wrong. Sometimes I sent email but they not response.","-- / 0","","Sometimes","-- / 0","","I’ve come across content that was violent like images of injuries.  Even if it’s part of the task, it can be really hard to process emotionally, especially when I'm doing this work for hours. Sometimes abuse related text that was very disturbing.","-- / 0","","3","-- / 0","","Some platforms provide a general idea of how tasks are reviewed or paid. I usually understand the basic rules, but there are times when a task gets rejected or a score drops without a clear explanation. I think need more transparency. Because It would definitely help build trust","-- / 0","","I think the biggest challenges is the lack of feedback. Because timely feedback when tasks are rejected would help us improve and feel valued. Dealing with disturbing content without warnings is emotionally hard.","-- / 0","","Platforms should be more transparent about how work is reviewed and pay is determined. Clear, timely feedback when tasks are rejected would help us improve and feel valued.","-- / 0","",""
"2025/07/03 4:04:00 PM GMT+3","0.00 / 0","A3PDD4NCNT4EAH","-- / 0","","United States","-- / 0","","Amazon Mechanical Turk","-- / 0","","Amazon Mechanical Turk","-- / 0","","More than 4 years","-- / 0","","Image Labeling","-- / 0","","More than 30","-- / 0","","Yes","-- / 0","",", Payment, and Pay Stability","-- / 0","","Yes","-- / 0","","Yes","-- / 0",""," permanent shutdowns or disabling of large","-- / 0","","Often","-- / 0","","avoid generating potentially harmful content, which can be categorized as disturbing or offensive. ","-- / 0","","1","-- / 0","","provide information based on its design principles and capabilities as a virtual assistant.","-- / 0","","t challenges and ethical concerns data annotators face, categorized for clarity:","-- / 0","","Implementing a transparent and fair payment structure th","-- / 0","",""
"2025/07/03 4:22:45 PM GMT+3","0.00 / 0","AKRI0C3QHVIOU","-- / 0","","United States","-- / 0","","Amazon Mechanical Turk","-- / 0","","Amazon Mechanical Turk","-- / 0","","More than 4 years","-- / 0","","Image Labeling;Text classification or sentiment analysis;Audio transcription;Content moderation","-- / 0","","10-20","-- / 0","","Yes","-- / 0","","When assessing tasks, consider the time and effort required, compare potential compensation across different tasks, and evaluate the perceived stability of payment. Understanding these factors can help individuals make informed decisions about their work and financial well-being. ","-- / 0","","Yes","-- / 0","","Yes","-- / 0","","Chargebacks, where a customer disputes a credit or debit card transaction, are a common occurrence for businesses. Merchants can win some chargeback disputes, but many are lost.","-- / 0","","Never","-- / 0","","NO","-- / 0","","5","-- / 0","","the clarity of task descriptions and acceptance criteria, the transparency of the rating system and how it is used, the user-friendliness of the platform's design, and the explicitness of the payment structure","-- / 0","","Data annotation, while crucial for AI development, presents several ethical challenges. These include concerns about privacy, bias, and the potential for exploitation of annotators","-- / 0","","ensuring fair and consistent pay, providing clear and consistent instructions, offering opportunities for skill development, and promoting transparency in the work process","-- / 0","",""
"2025/07/03 4:24:45 PM GMT+3","0.00 / 0","A1WJUAJUSFUQYR","-- / 0","","United States","-- / 0","","Amazon Mechanical Turk;Scale AI","-- / 0","","Amazon Mechanical Turk","-- / 0","","2-4 years","-- / 0","","Image Labeling;Text classification or sentiment analysis","-- / 0","","5-10","-- / 0","","Yes","-- / 0","","it feels stable payment are satisfied","-- / 0","","Partially","-- / 0","","Yes","-- / 0","","sometimes it rejected","-- / 0","","Never","-- / 0","","no","-- / 0","","4","-- / 0","","Its very clear","-- / 0","","none","-- / 0","","feel free to suggest  no need changes","-- / 0","",""
"2025/07/03 4:44:33 PM GMT+3","0.00 / 0","A1NTDWDL533HBR","-- / 0","","United States","-- / 0","","Amazon Mechanical Turk","-- / 0","","Amazon Mechanical Turk","-- / 0","","Less than 6 months","-- / 0","","Image Labeling;Text classification or sentiment analysis;Audio transcription;Content moderation","-- / 0","","5-10","-- / 0","","Yes","-- / 0","","good","-- / 0","","Yes","-- / 0","","No","-- / 0","","","-- / 0","","Very often","-- / 0","","","-- / 0","","5","-- / 0","","","-- / 0","","none","-- / 0","","none","-- / 0","",""
"2025/08/15 6:49:41 PM GMT+3","0.00 / 0","AI2DTO8YE8QCQ","-- / 0","","United States","-- / 0","","Amazon Mechanical Turk","-- / 0","","Amazon Mechanical Turk","-- / 0","","6-12 months","-- / 0","","Image Labeling;Text classification or sentiment analysis;Audio transcription;Content moderation","-- / 0","","More than 30","-- / 0","","Yes","-- / 0","","","-- / 0","","Yes","-- / 0","","Yes","-- / 0","","","-- / 0","","Rarely","-- / 0","","","-- / 0","","4","-- / 0","","good","-- / 0","","One major challenge as a data annotator is dealing with vague or inconsistent guidelines, which can create confusion and lead to unfair evaluations or rejected work. Additionally, the emotional strain of labeling sensitive or disturbing content without proper support can take a serious toll over time.","-- / 0","","Data labeling work would be more fair and sustainable if platforms provided clearer guidelines, consistent feedback, and guaranteed minimum pay for time spent—even on rejected tasks. Improved communication, mental health support, and greater transparency around how annotations are used would also help workers feel more respected and valued.","-- / 0","",""
"2025/08/15 6:55:08 PM GMT+3","0.00 / 0","A1Q1VORCMBO9H5","-- / 0","","United States","-- / 0","","Amazon Mechanical Turk;Scale AI;Appen","-- / 0","","Amazon Mechanical Turk","-- / 0","","1-2 years","-- / 0","","Image Labeling;Text classification or sentiment analysis;Audio transcription","-- / 0","","10-20","-- / 0","","Yes","-- / 0","","I think I average about  10–15 hours a week. This is my side hustle, so that’s the perfect balance for me.","-- / 0","","No","-- / 0","","Yes","-- / 0","","Actually I dont know. May be my fault , or task done but time over but unable to submit the code into Mturk.","-- / 0","","Often","-- / 0","","I think as a data labeler or content moderator, encountering disturbing or harmful content is unfortunately a common aspect of the job. The nature of the content can vary widely, but many workers have reported exposure to graphic violence, child abuse, self-harm, and other traumatic material.","-- / 0","","4","-- / 0","","I think overall, many data labeling platforms exhibit low to moderate transparency regarding task review processes, compensation, and usage of workers' contributions. While some platforms are making efforts to improve, workers often face challenges related to unclear communication, inconsistent task availability, and delayed or withheld payments.","-- / 0","","I think as a data annotator, several ethical challenges have emerged, reflecting broader issues in the field. One significant concern is the potential for emotional strain due to exposure to disturbing or harmful content, which can lead to psychological distress. Additionally, the lack of transparency regarding task acceptance criteria, rating systems, and payment rules can create confusion and mistrust among workers. Furthermore, the pressure to meet quotas and the absence of adequate support mechanisms can contribute to burnout and decreased job satisfaction.","-- / 0","","I think pay rates should reflect the actual time and skill required, not just per-task completion. Show clear, upfront pay estimates based on average completion time, and ensure workers consistently meet or exceed minimum wage in their region.","-- / 0","",""
"2025/08/15 6:58:45 PM GMT+3","0.00 / 0","A3KOYDSD1J6BVE","-- / 0","","United States","-- / 0","","Amazon Mechanical Turk;Scale AI;Appen","-- / 0","","Amazon Mechanical Turk","-- / 0","","6-12 months","-- / 0","","Image Labeling","-- / 0","","5-10","-- / 0","","Yes","-- / 0","","Gather the basics for each task
Time per unit: how long it takes to complete one unit/task (minutes or hours).
Pay per unit: how much you earn for one unit.
Overheads: travel, materials, software, setup, cleanup, taxes, etc. (any extra time/money you must spend beyond the core task).
Frequency/volume: how many units you can realistically complete in a given period (hour/day/week).
Payment timing/reliability: how often you’re paid and how certain the payout is (e.g., weekly direct deposit vs. after project completion).","-- / 0","","Yes","-- / 0","","No","-- / 0","","","-- / 0","","Often","-- / 0","","What kinds of disturbing content people might encounter
Graphic violence or gore
Sexual content involving minors or exploitation
Abusive, hateful, or demeaning material
Realistic depictions of abuse, crime, or trauma","-- / 0","","4","-- / 0","","What I appreciate most is when a task post includes a solid, checkable brief: clear deliverables, milestones, due dates, required skills, and any constraints (budget, format, language, etc.).
When acceptance criteria are explicit, it’s much easier to know when I’ve “done enough” to get paid. I like when there’s a defined acceptance process (e.g., a client signs off after reviewing a milestone, or there’s a checklist that must be satisfied before a task is marked complete).
I’m less happy when posts are vague. If I have to guess what “done” looks like, I end up delivering something the client didn’t want, or I delay submitting work while I chase clarifications. A good platform helps by prompting the client to fill in key fields or by offering a standard template for acceptance criteria.","-- / 0","","Ambiguity in rules and task instructions

Guidelines are often unclear or change without clear communication.
I end up guessing, which can lead to inconsistent labels and frustration when QA piping in penalties.","-- / 0","","Better data governance and bias mitigation

Independent bias audits and reporting on how labeling choices affect downstream models.
Tools to adjust or customize labeling for diversity considerations (e.g., language/region variants).
Clear expectations about how labels are used and how disagreements are resolved.","-- / 0","",""
"2025/08/15 7:06:13 PM GMT+3","0.00 / 0","A36D3I4ZON72I4","-- / 0","","United States","-- / 0","","Amazon Mechanical Turk","-- / 0","","Amazon Mechanical Turk","-- / 0","","1-2 years","-- / 0","","Image Labeling;Text classification or sentiment analysis;Audio transcription;Content moderation","-- / 0","","10-20","-- / 0","","No","-- / 0","","The tasks often take more time and effort than the payment reflects. Some tasks are straightforward, but others are complex or repetitive, and pay doesn’t always match the work involved. Payment can also be inconsistent across different tasks or projects.","-- / 0","","Partially","-- / 0","","Yes","-- / 0","","Occasionally, tasks are rejected due to unclear instructions, minor errors, or automated checks. Some platforms allow appeals, but the process can be slow or not always successful.","-- / 0","","Sometimes","-- / 0","","I have occasionally come across content that is graphic, violent, or offensive. It can be unsettling and emotionally draining, especially if the content is particularly graphic. Some platforms provide warnings or filtering tools, but not all do, and repeated exposure can affect mood or mental energy. I try to take short breaks or step away when needed to cope with the stress.","-- / 0","","2","-- / 0","","The platform provides some information about how tasks are reviewed and how payment works, but not always consistently. Sometimes it’s clear why a task is accepted or rejected, and other times the reasons are vague. Rating systems and payment rules are partially explained, but more detailed guidance would help make the process feel fairer and more predictable.","-- / 0","","Unclear instructions, inconsistent rejections, low pay, and stressful content at times.","-- / 0","","Clear instructions, fair pay, consistent feedback, and better support for sensitive tasks.","-- / 0","",""
"2025/08/15 7:08:05 PM GMT+3","0.00 / 0","A2YHXHRC7N7GJ","-- / 0","","United States","-- / 0","","Amazon Mechanical Turk;Remotasks","-- / 0","","Amazon Mechanical Turk","-- / 0","","2-4 years","-- / 0","","Image Labeling;Text classification or sentiment analysis;Content moderation","-- / 0","","More than 30","-- / 0","","Yes","-- / 0","","On Amazon MTurk, many tasks take longer than expected compared to their listed pay, making the effective hourly rate low. Some payment can feel unpredictable since some requesters reject work without clear reasons, affecting stability.","-- / 0","","Partially","-- / 0","","Yes","-- / 0","","Yes. A few tasks were rejected without a clear explanation from the requester.
It happens rarely, and while the platform allows messaging, there’s no strong appeal process.","-- / 0","","Never","-- / 0","","Nothing","-- / 0","","4","-- / 0","","Task instructions are usually clear, and the payment system is straightforward once work is approved. However, the rating and rejection process could be more transparent, with better options to dispute unfair decisions.","-- / 0","","One of the biggest challenges is low and inconsistent pay compared to the time and effort required. Sometimes tasks have unclear guidelines, leading to unfair rejections and wasted work.","-- / 0","","To make data labeling more fair and sustainable, platforms could offer clearer instructions, fair minimum pay rates, transparent rejection reasons, and better support channels for disputes.","-- / 0","",""
"2025/08/15 7:11:21 PM GMT+3","0.00 / 0","A385MZAP0ATR9Z","-- / 0","","United States","-- / 0","","Amazon Mechanical Turk","-- / 0","","Amazon Mechanical Turk","-- / 0","","6-12 months","-- / 0","","Image Labeling;Text classification or sentiment analysis;Audio transcription;Content moderation","-- / 0","","More than 30","-- / 0","","Yes","-- / 0","","Pay on Amazon Mechanical Turk often feels unpredictable because the time and effort required for tasks can vary greatly while payment rates don’t always reflect the work involved.","-- / 0","","Partially","-- / 0","","Yes","-- / 0","","Yes, it happened a few times when tasks were rejected without clear reasons, and although the platform allowed messaging the requester, there was no formal appeal process to guarantee payment.","-- / 0","","Sometimes","-- / 0","","I have encountered graphic and offensive content that was emotionally unsettling, and while Amazon Mechanical Turk occasionally gives content warnings, there are limited filters or support tools to help manage the impact.","-- / 0","","3","-- / 0","","Amazon Mechanical Turk is generally clear about payment rules and deadlines, but the criteria for task acceptance and requester ratings can be vague. The platform’s design is simple to navigate, yet it leaves workers guessing about how decisions on rejections or bonuses are made.","-- / 0","","Unclear rules, unfair rejections, and low pay.","-- / 0","","Clear rules, fair pay, and better support.","-- / 0","",""
"2025/08/15 7:20:44 PM GMT+3","0.00 / 0","A1LX7YK0EBOSF7","-- / 0","","United States","-- / 0","","Amazon Mechanical Turk","-- / 0","","Amazon Mechanical Turk","-- / 0","","6-12 months","-- / 0","","Image Labeling;Text classification or sentiment analysis;Audio transcription;Content moderation","-- / 0","","20-30","-- / 0","","Yes","-- / 0","","Because effort often outweighs pay and rates are unstable.","-- / 0","","Yes","-- / 0","","Yes","-- / 0","","Tasks rejected without reason, no real appeal.","-- / 0","","Rarely","-- / 0","","Saw graphic, offensive content; unsettling; few warnings or filters.","-- / 0","","4","-- / 0","","Clear payment rules, unclear acceptance criteria.","-- / 0","","Unfair rejections, low pay, unclear guidelines.","-- / 0","","Fair pay, clear rules, better support.","-- / 0","",""
"2025/08/15 7:27:18 PM GMT+3","0.00 / 0","A3D9B9E167J25A","-- / 0","","United States","-- / 0","","Amazon Mechanical Turk","-- / 0","","Amazon Mechanical Turk","-- / 0","","1-2 years","-- / 0","","Text classification or sentiment analysis","-- / 0","","10-20","-- / 0","","Yes","-- / 0","","f you’re weighing tasks, here’s a practical framework to compare them by time/effort, pay, and how predictable the pay is. It helps you decide which tasks to focus on.

Gather the basics for each task
Time per unit: how long it takes to complete one unit/task (minutes or hours).
Pay per unit: how much you earn for one unit.
Overheads: travel, materials, software, setup, cleanup, taxes, etc. (any extra time/money you must spend beyond the core task).
Frequency/volume: how many units you can realistically complete in a given period (hour/day/week).
Payment timing/reliability: how often you’re paid and how certain the payout is (e.g., weekly direct deposit vs. after project completion).","-- / 0","","Yes","-- / 0","","Yes","-- / 0","","I don’t have personal experiences with platforms, so I can’t say what happened to me. But I can help you describe or document a moderation action (or draft an appeal) in a clear, useful way. Here’s a practical guide you can use.

What to include if you’re describing an incident

What happened: a content removal, a warning, a temporary suspension, a permanent ban, a feature limit, etc.
How often it happens: rarely, occasionally, sometimes, often (you can give a rough rate based on your experience).
Reason given: the exact policy or wording in the notice (e.g., “violates policy on hate speech” or “spam/duplicate content”).
How the platform handled it: content was removed, account restricted, features limited, warnings issued, time limits, policy updates, etc.
Whether you could appeal or dispute it: existence of an appeal option, steps to start an appeal, any stated timelines, and typical outcomes if you know them.
A simple template you can use","-- / 0","","Sometimes","-- / 0","","What people might encounter

Graphic violence or abuse
Harassment, hate speech, or threats
Sexual content involving exploitation or minors
Self-harm or suicide-related material
Manipulative scams or misinformation that causes fear
Disturbing deepfakes or emotionally triggering content
Common emotional and mental responses","-- / 0","","3","-- / 0","","Here’s a practical guide to assess how clear a platform is about task acceptance, rating systems, design choices, and payment rules, plus a reusable template you can apply.

Task acceptance clarity What to look for
Explicit acceptance criteria: what constitutes a valid task, required inputs, scope, and limits.
Submission requirements: how to post, what fields are required, file types, word counts, templates, and examples.
Review process: who reviews, expected timeframes, what happens after submission (approval, rejection, or requests for changes), and how feedback is delivered.
Disallowed tasks: a clear, current list of prohibited content or activities.
Re-submission rules: whether you can revise and re-submit, and under what conditions.
Status updates: how task status is communicated (e.g., submitted, under review, accepted, rejected, needs revision) and how to track progress.
Escalation and support: where to get help if a task is rejected or unclear.
What good looks like","-- / 0","","EMOTIONAL STRAIN","-- / 0","","COMMUNICATION","-- / 0","",""